Wavelength (nm),microAmps (mA)
655.94,0.40169
655.9401,0.40146
655.9402,0.40177
655.9403,0.40175
655.9404,0.40164
655.9405,0.40171
655.9406,0.40189
655.9407,0.40181
655.9408,0.40166
655.9409,0.40152
655.941,0.40156
655.9411,0.40164
655.9412,0.40146
655.9413,0.40169
655.9414,0.40169
655.9415,0.40162
655.9416,0.40162
655.9417,0.40162
655.9418,0.40175
655.9419,0.40185
655.942,0.40156
655.9421,0.40156
655.9422,0.40175
655.9423,0.40187
655.9424,0.40154
655.9425,0.40169
655.9426,0.4016
655.9427,0.40164
655.9428,0.40171
655.9429,0.40169
655.943,0.40179
655.9431,0.40164
655.9432,0.40162
655.9433,0.40158
655.9434,0.4016
655.9435,0.4016
655.9436,0.40171
655.9437,0.40162
655.9438,0.40164
655.9439,0.40162
655.944,0.40169
655.9441,0.40181
655.9442,0.40158
655.9443,0.40158
655.9444,0.4015
655.9445,0.40191
655.9446,0.40169
655.9447,0.40169
655.9448,0.40175
655.9449,0.40173
655.945,0.40179
655.9451,0.40171
655.9452,0.40185
655.9453,0.40164
655.9454,0.40189
655.9455,0.40175
655.9456,0.40166
655.9457,0.40156
655.9458,0.40164
655.9459,0.40156
655.946,0.40152
655.9461,0.40171
655.9462,0.40183
655.9463,0.40171
655.9464,0.4016
655.9465,0.40181
655.9466,0.4016
655.9467,0.40171
655.9468,0.4016
655.9469,0.40158
655.947,0.40181
655.9471,0.40152
655.9472,0.40164
655.9473,0.40166
655.9474,0.40164
655.9475,0.40201
655.9476,0.40158
655.9477,0.40183
655.9478,0.40171
655.9479,0.40173
655.948,0.40162
655.9481,0.40181
655.9482,0.40171
655.9483,0.40193
655.9484,0.40171
655.9485,0.40173
655.9486,0.40203
655.9487,0.40183
655.9488,0.40205
655.9489,0.40177
655.949,0.40181
655.9491,0.40185
655.9492,0.40189
655.9493,0.40173
655.9494,0.40189
655.9495,0.40169
655.9496,0.40173
655.9497,0.40158
655.9498,0.40187
655.9499,0.40177
655.95,0.40177
655.9501,0.40193
655.9502,0.40179
655.9503,0.40181
655.9504,0.40175
655.9505,0.40191
655.9506,0.40154
655.9507,0.4016
655.9508,0.40171
655.9509,0.40197
655.951,0.40181
655.9511,0.40175
655.9512,0.40185
655.9513,0.40152
655.9514,0.40166
655.9515,0.40158
655.9516,0.40164
655.9517,0.40169
655.9518,0.40166
655.9519,0.40183
655.952,0.40181
655.9521,0.40181
655.9522,0.40197
655.9523,0.40181
655.9524,0.40171
655.9525,0.40181
655.9526,0.40179
655.9527,0.40171
655.9528,0.40189
655.9529,0.40173
655.953,0.40169
655.9531,0.40199
655.9532,0.40158
655.9533,0.40181
655.9534,0.40156
655.9535,0.40173
655.9536,0.40171
655.9537,0.40183
655.9538,0.40209
655.9539,0.40187
655.954,0.40173
655.9541,0.40181
655.9542,0.40166
655.9543,0.40166
655.9544,0.40179
655.9545,0.40185
655.9546,0.40203
655.9547,0.40185
655.9548,0.40171
655.9549,0.40203
655.955,0.40197
655.9551,0.40193
655.9552,0.40177
655.9553,0.40162
655.9554,0.40179
655.9555,0.40187
655.9556,0.40187
655.9557,0.40162
655.9558,0.40164
655.9559,0.40183
655.956,0.40195
655.9561,0.40177
655.9562,0.40189
655.9563,0.40191
655.9564,0.40173
655.9565,0.40171
655.9566,0.40175
655.9567,0.40171
655.9568,0.40158
655.9569,0.40187
655.957,0.40169
655.9571,0.40164
655.9572,0.40173
655.9573,0.40166
655.9574,0.40173
655.9575,0.40197
655.9576,0.40195
655.9577,0.40183
655.9578,0.40166
655.9579,0.40183
655.958,0.40173
655.9581,0.40179
655.9582,0.40181
655.9583,0.40185
655.9584,0.40181
655.9585,0.40175
655.9586,0.40175
655.9587,0.40177
655.9588,0.40173
655.9589,0.40154
655.959,0.4016
655.9591,0.4016
655.9592,0.40166
655.9593,0.40181
655.9594,0.40177
655.9595,0.40187
655.9596,0.40181
655.9597,0.40195
655.9598,0.4016
655.9599,0.4016
655.96,0.40185
655.9601,0.40166
655.9602,0.40185
655.9603,0.40191
655.9604,0.40175
655.9605,0.40173
655.9606,0.40199
655.9607,0.40183
655.9608,0.40177
655.9609,0.40197
655.961,0.40171
655.9611,0.40185
655.9612,0.40173
655.9613,0.40179
655.9614,0.40181
655.9615,0.40175
655.9616,0.40187
655.9617,0.40148
655.9618,0.40201
655.9619,0.40189
655.962,0.40181
655.9621,0.40187
655.9622,0.40164
655.9623,0.40162
655.9624,0.40201
655.9625,0.40183
655.9626,0.40191
655.9627,0.40195
655.9628,0.40203
655.9629,0.40185
655.963,0.40191
655.9631,0.40156
655.9632,0.40183
655.9633,0.40199
655.9634,0.40187
655.9635,0.40162
655.9636,0.40209
655.9637,0.40173
655.9638,0.40173
655.9639,0.40191
655.964,0.40183
655.9641,0.40211
655.9642,0.40175
655.9643,0.40191
655.9644,0.40169
655.9645,0.40179
655.9646,0.40179
655.9647,0.40166
655.9648,0.40183
655.9649,0.40175
655.965,0.40197
655.9651,0.40199
655.9652,0.40181
655.9653,0.40175
655.9654,0.40181
655.9655,0.40156
655.9656,0.40173
655.9657,0.40177
655.9658,0.40183
655.9659,0.40185
655.966,0.40173
655.9661,0.40189
655.9662,0.40175
655.9663,0.40195
655.9664,0.40154
655.9665,0.40193
655.9666,0.40201
655.9667,0.40193
655.9668,0.40185
655.9669,0.40183
655.967,0.40193
655.9671,0.40171
655.9672,0.40183
655.9673,0.40175
655.9674,0.40171
655.9675,0.4016
655.9676,0.4016
655.9677,0.40201
655.9678,0.40191
655.9679,0.40185
655.968,0.40175
655.9681,0.40183
655.9682,0.40169
655.9683,0.40199
655.9684,0.40191
655.9685,0.40175
655.9686,0.40193
655.9687,0.40171
655.9688,0.40191
655.9689,0.40183
655.969,0.40187
655.9691,0.40199
655.9692,0.40185
655.9693,0.40203
655.9694,0.40185
655.9695,0.40191
655.9696,0.40195
655.9697,0.40177
655.9698,0.40164
655.9699,0.40201
655.97,0.40191
655.9701,0.40175
655.9702,0.40169
655.9703,0.40181
655.9704,0.40169
655.9705,0.40175
655.9706,0.40173
655.9707,0.40189
655.9708,0.40195
655.9709,0.40185
655.971,0.40195
655.9711,0.40181
655.9712,0.40187
655.9713,0.40169
655.9714,0.40205
655.9715,0.40179
655.9716,0.40191
655.9717,0.40213
655.9718,0.40166
655.9719,0.40171
655.972,0.40173
655.9721,0.40164
655.9722,0.40195
655.9723,0.40211
655.9724,0.40177
655.9725,0.40209
655.9726,0.40179
655.9727,0.40185
655.9728,0.40193
655.9729,0.40217
655.973,0.40205
655.9731,0.40179
655.9732,0.40189
655.9733,0.40179
655.9734,0.40199
655.9735,0.40195
655.9736,0.40175
655.9737,0.40195
655.9738,0.40179
655.9739,0.40195
655.974,0.40191
655.9741,0.40189
655.9742,0.40207
655.9743,0.40197
655.9744,0.40195
655.9745,0.40211
655.9746,0.40211
655.9747,0.40193
655.9748,0.40203
655.9749,0.40185
655.975,0.40215
655.9751,0.40199
655.9752,0.40201
655.9753,0.40213
655.9754,0.40191
655.9755,0.40191
655.9756,0.40183
655.9757,0.40195
655.9758,0.40205
655.9759,0.40225
655.976,0.40197
655.9761,0.40199
655.9762,0.40181
655.9763,0.40175
655.9764,0.40201
655.9765,0.40211
655.9766,0.40187
655.9767,0.40201
655.9768,0.40205
655.9769,0.40209
655.977,0.40223
655.9771,0.40211
655.9772,0.40213
655.9773,0.40187
655.9774,0.40179
655.9775,0.40215
655.9776,0.40221
655.9777,0.40234
655.9778,0.40211
655.9779,0.40223
655.978,0.40195
655.9781,0.40238
655.9782,0.40219
655.9783,0.40227
655.9784,0.40211
655.9785,0.40203
655.9786,0.40209
655.9787,0.40225
655.9788,0.40221
655.9789,0.4023
655.979,0.40211
655.9791,0.40219
655.9792,0.4023
655.9793,0.40181
655.9794,0.40254
655.9795,0.40223
655.9796,0.40217
655.9797,0.4024
655.9798,0.40209
655.9799,0.40189
655.98,0.40221
655.9801,0.40227
655.9802,0.4023
655.9803,0.40213
655.9804,0.40238
655.9805,0.40217
655.9806,0.40242
655.9807,0.40266
655.9808,0.40262
655.9809,0.40246
655.981,0.40215
655.9811,0.40225
655.9812,0.4024
655.9813,0.40274
655.9814,0.40232
655.9815,0.40236
655.9816,0.40227
655.9817,0.40246
655.9818,0.40209
655.9819,0.40234
655.982,0.4026
655.9821,0.40256
655.9822,0.40244
655.9823,0.40248
655.9824,0.40232
655.9825,0.40238
655.9826,0.40246
655.9827,0.40225
655.9828,0.40266
655.9829,0.40234
655.983,0.40211
655.9831,0.40264
655.9832,0.40264
655.9833,0.4028
655.9834,0.40262
655.9835,0.40246
655.9836,0.40234
655.9837,0.40225
655.9838,0.40244
655.9839,0.40276
655.984,0.40254
655.9841,0.40242
655.9842,0.40288
655.9843,0.40236
655.9844,0.40262
655.9845,0.40252
655.9846,0.40272
655.9847,0.40246
655.9848,0.4026
655.9849,0.4026
655.985,0.40266
655.9851,0.40244
655.9852,0.4027
655.9853,0.40264
655.9854,0.4024
655.9855,0.40236
655.9856,0.40252
655.9857,0.40286
655.9858,0.4026
655.9859,0.4026
655.986,0.40238
655.9861,0.40272
655.9862,0.40295
655.9863,0.40286
655.9864,0.40264
655.9865,0.40244
655.9866,0.40286
655.9867,0.40301
655.9868,0.40268
655.9869,0.40276
655.987,0.40291
655.9871,0.4028
655.9872,0.40258
655.9873,0.40291
655.9874,0.40325
655.9875,0.40254
655.9876,0.40262
655.9877,0.4027
655.9878,0.40246
655.9879,0.40321
655.988,0.40258
655.9881,0.40295
655.9882,0.40272
655.9883,0.40278
655.9884,0.40252
655.9885,0.40254
655.9886,0.40274
655.9887,0.40303
655.9888,0.40291
655.9889,0.40284
655.989,0.40299
655.9891,0.40309
655.9892,0.40286
655.9893,0.40319
655.9894,0.40278
655.9895,0.40262
655.9896,0.40276
655.9897,0.40244
655.9898,0.4028
655.9899,0.40286
655.99,0.40315
655.9901,0.40278
655.9902,0.40282
655.9903,0.40303
655.9904,0.40291
655.9905,0.4028
655.9906,0.40274
655.9907,0.40244
655.9908,0.40284
655.9909,0.40325
655.991,0.40268
655.9911,0.40293
655.9912,0.40305
655.9913,0.40309
655.9914,0.40232
655.9915,0.40309
655.9916,0.40278
655.9917,0.40313
655.9918,0.4028
655.9919,0.40297
655.992,0.40297
655.9921,0.40331
655.9922,0.4027
655.9923,0.40276
655.9924,0.4026
655.9925,0.40288
655.9926,0.4028
655.9927,0.40288
655.9928,0.40284
655.9929,0.4028
655.993,0.40331
655.9931,0.40276
655.9932,0.40299
655.9933,0.40284
655.9934,0.40282
655.9935,0.40264
655.9936,0.4026
655.9937,0.40313
655.9938,0.40311
655.9939,0.40307
655.994,0.40288
655.9941,0.40301
655.9942,0.40268
655.9943,0.40244
655.9944,0.40317
655.9945,0.40258
655.9946,0.40278
655.9947,0.40303
655.9948,0.40288
655.9949,0.4027
655.995,0.40311
655.9951,0.40278
655.9952,0.40264
655.9953,0.4028
655.9954,0.40252
655.9955,0.40268
655.9956,0.40264
655.9957,0.40276
655.9958,0.40311
655.9959,0.40254
655.996,0.40282
655.9961,0.40268
655.9962,0.40321
655.9963,0.40278
655.9964,0.4027
655.9965,0.40268
655.9966,0.4027
655.9967,0.40272
655.9968,0.40325
655.9969,0.40268
655.997,0.40258
655.9971,0.40256
655.9972,0.40288
655.9973,0.4027
655.9974,0.40291
655.9975,0.4027
655.9976,0.4025
655.9977,0.40299
655.9978,0.4027
655.9979,0.40286
655.998,0.40297
655.9981,0.40293
655.9982,0.40301
655.9983,0.40254
655.9984,0.40303
655.9985,0.4028
655.9986,0.40319
655.9987,0.40299
655.9988,0.40295
655.9989,0.4026
655.999,0.4026
655.9991,0.40268
655.9992,0.40252
655.9993,0.4026
655.9994,0.4028
655.9995,0.40297
655.9996,0.4025
655.9997,0.40276
655.9998,0.40295
655.9999,0.40244
656,0.40276
656.0001,0.40258
656.0002,0.40274
656.0003,0.40293
656.0004,0.40282
656.0005,0.40284
656.0006,0.40256
656.0007,0.40291
656.0008,0.40276
656.0009,0.40272
656.001,0.40236
656.0011,0.40299
656.0012,0.40321
656.0013,0.40268
656.0014,0.40266
656.0015,0.40293
656.0016,0.40272
656.0017,0.40264
656.0018,0.40268
656.0019,0.40258
656.002,0.4026
656.0021,0.40244
656.0022,0.4028
656.0023,0.40274
656.0024,0.40244
656.0025,0.40282
656.0026,0.4026
656.0027,0.40234
656.0028,0.4027
656.0029,0.40266
656.003,0.40248
656.0031,0.40246
656.0032,0.40278
656.0033,0.40323
656.0034,0.4023
656.0035,0.40266
656.0036,0.40236
656.0037,0.40278
656.0038,0.40264
656.0039,0.40284
656.004,0.40219
656.0041,0.4028
656.0042,0.40274
656.0043,0.40256
656.0044,0.40221
656.0045,0.40197
656.0046,0.4024
656.0047,0.40219
656.0048,0.4024
656.0049,0.40219
656.005,0.40219
656.0051,0.4023
656.0052,0.4025
656.0053,0.40221
656.0054,0.40234
656.0055,0.40246
656.0056,0.40232
656.0057,0.4024
656.0058,0.4024
656.0059,0.40217
656.006,0.40225
656.0061,0.40215
656.0062,0.40232
656.0063,0.4023
656.0064,0.40223
656.0065,0.40246
656.0066,0.40242
656.0067,0.40215
656.0068,0.40213
656.0069,0.40209
656.007,0.40234
656.0071,0.40217
656.0072,0.40201
656.0073,0.40197
656.0074,0.40205
656.0075,0.40215
656.0076,0.4023
656.0077,0.40232
656.0078,0.40227
656.0079,0.40197
656.008,0.40207
656.0081,0.40211
656.0082,0.40234
656.0083,0.40203
656.0084,0.40221
656.0085,0.40215
656.0086,0.40209
656.0087,0.40197
656.0088,0.40213
656.0089,0.40189
656.009,0.40207
656.0091,0.40209
656.0092,0.40211
656.0093,0.40205
656.0094,0.40177
656.0095,0.40183
656.0096,0.40191
656.0097,0.40197
656.0098,0.40187
656.0099,0.40197
656.01,0.40191
656.0101,0.40205
656.0102,0.40197
656.0103,0.40217
656.0104,0.40213
656.0105,0.40181
656.0106,0.40209
656.0107,0.40195
656.0108,0.40197
656.0109,0.40203
656.011,0.40189
656.0111,0.40197
656.0112,0.40197
656.0113,0.40189
656.0114,0.40185
656.0115,0.40179
656.0116,0.40181
656.0117,0.40175
656.0118,0.40191
656.0119,0.40195
656.012,0.40177
656.0121,0.40177
656.0122,0.40179
656.0123,0.40199
656.0124,0.40185
656.0125,0.40158
656.0126,0.40152
656.0127,0.40185
656.0128,0.40185
656.0129,0.40207
656.013,0.40195
656.0131,0.40187
656.0132,0.40191
656.0133,0.40183
656.0134,0.40177
656.0135,0.40177
656.0136,0.40179
656.0137,0.40179
656.0138,0.40166
656.0139,0.40162
656.014,0.40156
656.0141,0.40166
656.0142,0.40175
656.0143,0.40156
656.0144,0.4016
656.0145,0.40175
656.0146,0.4015
656.0147,0.40183
656.0148,0.40187
656.0149,0.40166
656.015,0.40156
656.0151,0.4016
656.0152,0.40169
656.0153,0.40166
656.0154,0.40173
656.0155,0.40162
656.0156,0.40185
656.0157,0.40156
656.0158,0.40158
656.0159,0.40181
656.016,0.40162
656.0161,0.40154
656.0162,0.40187
656.0163,0.40175
656.0164,0.40173
656.0165,0.40158
656.0166,0.40154
656.0167,0.40177
656.0168,0.40177
656.0169,0.4016
656.017,0.40169
656.0171,0.40173
656.0172,0.4016
656.0173,0.4016
656.0174,0.40177
656.0175,0.40166
656.0176,0.40166
656.0177,0.40154
656.0178,0.4015
656.0179,0.40173
656.018,0.40152
656.0181,0.40185
656.0182,0.40179
656.0183,0.40177
656.0184,0.40187
656.0185,0.40166
656.0186,0.40164
656.0187,0.40173
656.0188,0.40154
656.0189,0.4015
656.019,0.40154
656.0191,0.40164
656.0192,0.40173
656.0193,0.40175
656.0194,0.40183
656.0195,0.40152
656.0196,0.40166
656.0197,0.40185
656.0198,0.40179
656.0199,0.40148
656.02,0.40162
656.0201,0.40162
656.0202,0.40158
656.0203,0.40169
656.0204,0.40152
656.0205,0.40162
656.0206,0.40146
656.0207,0.40148
656.0208,0.40166
656.0209,0.40166
656.021,0.40146
656.0211,0.4016
656.0212,0.40162
656.0213,0.40162
656.0214,0.4014
656.0215,0.40158
656.0216,0.4015
656.0217,0.40162
656.0218,0.4016
656.0219,0.40158
656.022,0.40164
656.0221,0.40158
656.0222,0.40152
656.0223,0.40171
656.0224,0.40152
656.0225,0.40164
656.0226,0.40166
656.0227,0.40166
656.0228,0.40171
656.0229,0.40171
656.023,0.40162
656.0231,0.40171
656.0232,0.40158
656.0233,0.40162
656.0234,0.40175
656.0235,0.40177
656.0236,0.40146
656.0237,0.40152
656.0238,0.40177
656.0239,0.40144
656.024,0.40177
656.0241,0.40169
656.0242,0.40158
656.0243,0.40175
656.0244,0.40156
656.0245,0.4016
656.0246,0.40158
656.0247,0.40181
656.0248,0.40169
656.0249,0.40171
656.025,0.40175
656.0251,0.40169
656.0252,0.40171
656.0253,0.4015
656.0254,0.40187
656.0255,0.4016
656.0256,0.40166
656.0257,0.40162
656.0258,0.40177
656.0259,0.40169
656.026,0.40144
656.0261,0.40156
656.0262,0.40156
656.0263,0.40166
656.0264,0.40169
656.0265,0.40154
656.0266,0.4016
656.0267,0.40152
656.0268,0.40177
656.0269,0.40171
656.027,0.40162
656.0271,0.40169
656.0272,0.40169
656.0273,0.40146
656.0274,0.40152
656.0275,0.40158
656.0276,0.40164
656.0277,0.40171
656.0278,0.40164
656.0279,0.40154
656.028,0.40158
656.0281,0.40152
656.0282,0.4016
656.0283,0.40152
656.0284,0.40146
656.0285,0.4016
656.0286,0.40156
656.0287,0.40166
656.0288,0.40158
656.0289,0.40166
656.029,0.40154
656.0291,0.40171
656.0292,0.40171
656.0293,0.40162
656.0294,0.40164
656.0295,0.40166
656.0296,0.40154
656.0297,0.40162
656.0298,0.40173
656.0299,0.40152
656.03,0.40156
656.0301,0.40189
656.0302,0.40166
656.0303,0.40169
656.0304,0.40146
656.0305,0.4015
656.0306,0.40148
656.0307,0.40179
656.0308,0.4016
656.0309,0.40152
656.031,0.40154
656.0311,0.40183
656.0312,0.40162
656.0313,0.40148
656.0314,0.4014
656.0315,0.40154
656.0316,0.40154
656.0317,0.40169
656.0318,0.40158
656.0319,0.40156
656.032,0.40162
656.0321,0.40169
656.0322,0.40158
656.0323,0.4015
656.0324,0.40185
656.0325,0.40164
656.0326,0.40171
656.0327,0.40166
656.0328,0.40166
656.0329,0.40156
656.033,0.40158
656.0331,0.40171
656.0332,0.40162
656.0333,0.40154
656.0334,0.40144
656.0335,0.40156
656.0336,0.40162
656.0337,0.4015
656.0338,0.40158
656.0339,0.4016
656.034,0.40164
656.0341,0.4016
656.0342,0.40158
656.0343,0.40164
656.0344,0.40162
656.0345,0.40158
656.0346,0.40175
656.0347,0.40166
656.0348,0.4015
656.0349,0.40164
656.035,0.40156
656.0351,0.40173
656.0352,0.4016
656.0353,0.40162
656.0354,0.40162
656.0355,0.40158
656.0356,0.40177
656.0357,0.40175
656.0358,0.40173
656.0359,0.40132
656.036,0.40175
656.0361,0.4015
656.0362,0.40152
656.0363,0.40173
656.0364,0.40164
656.0365,0.40179
656.0366,0.40164
656.0367,0.4016
656.0368,0.40173
656.0369,0.4015
656.037,0.40156
656.0371,0.40175
656.0372,0.40173
656.0373,0.40162
656.0374,0.40181
656.0375,0.4016
656.0376,0.40154
656.0377,0.40152
656.0378,0.40162
656.0379,0.40158
656.038,0.40164
656.0381,0.40156
656.0382,0.40171
656.0383,0.40148
656.0384,0.40152
656.0385,0.40154
656.0386,0.40166
656.0387,0.40169
656.0388,0.40154
656.0389,0.40154
656.039,0.40164
656.0391,0.4015
656.0392,0.40166
656.0393,0.40142
656.0394,0.40162
656.0395,0.40162
656.0396,0.40152
656.0397,0.40162
656.0398,0.40173
656.0399,0.40169
656.04,0.40162
656.0401,0.40148
656.0402,0.40148
656.0403,0.40171
656.0404,0.40166
656.0405,0.40162
656.0406,0.40171
656.0407,0.40177
656.0408,0.40169
656.0409,0.40156
656.041,0.40175
656.0411,0.40169
656.0412,0.40158
656.0413,0.40169
656.0414,0.40166
656.0415,0.40162
656.0416,0.4016
656.0417,0.40154
656.0418,0.40164
656.0419,0.4014
656.042,0.4016
656.0421,0.40146
656.0422,0.4015
656.0423,0.40175
656.0424,0.40164
656.0425,0.40154
656.0426,0.40156
656.0427,0.40158
656.0428,0.40138
656.0429,0.40154
656.043,0.40146
656.0431,0.40142
656.0432,0.4015
656.0433,0.40156
656.0434,0.40152
656.0435,0.40179
656.0436,0.40154
656.0437,0.40144
656.0438,0.4015
656.0439,0.40148
656.044,0.40156
656.0441,0.40154
656.0442,0.40181
656.0443,0.40158
656.0444,0.40162
656.0445,0.4016
656.0446,0.4016
656.0447,0.40185
656.0448,0.4015
656.0449,0.40173
656.045,0.40158
656.0451,0.40162
656.0452,0.40162
656.0453,0.4016
656.0454,0.4016
656.0455,0.40162
656.0456,0.40162
656.0457,0.40158
656.0458,0.40156
656.0459,0.40158
656.046,0.40166
656.0461,0.40148
656.0462,0.40158
656.0463,0.40169
656.0464,0.40171
656.0465,0.40152
656.0466,0.40156
656.0467,0.40171
656.0468,0.40171
656.0469,0.40162
656.047,0.40177
656.0471,0.40158
656.0472,0.40148
656.0473,0.40158
656.0474,0.4015
656.0475,0.40179
656.0476,0.40179
656.0477,0.40154
656.0478,0.40175
656.0479,0.4016
656.048,0.40156
656.0481,0.40162
656.0482,0.40152
656.0483,0.40142
656.0484,0.40166
656.0485,0.40144
656.0486,0.40154
656.0487,0.40179
656.0488,0.40152
656.0489,0.40158
656.049,0.40187
656.0491,0.40156
656.0492,0.40164
656.0493,0.40158
656.0494,0.40166
656.0495,0.40144
656.0496,0.40142
656.0497,0.40156
656.0498,0.40152
656.0499,0.40162
656.05,0.4015
656.0501,0.4015
656.0502,0.40156
656.0503,0.40169
656.0504,0.40144
656.0505,0.40152
656.0506,0.40173
656.0507,0.40162
656.0508,0.40148
656.0509,0.40148
656.051,0.40156
656.0511,0.40158
656.0512,0.4016
656.0513,0.40152
656.0514,0.40173
656.0515,0.40158
656.0516,0.4016
656.0517,0.40156
656.0518,0.40171
656.0519,0.40162
656.052,0.40154
656.0521,0.4015
656.0522,0.40166
656.0523,0.40169
656.0524,0.4014
656.0525,0.40146
656.0526,0.40166
656.0527,0.40169
656.0528,0.40171
656.0529,0.40146
656.053,0.4016
656.0531,0.4015
656.0532,0.40164
656.0533,0.40154
656.0534,0.40158
656.0535,0.4016
656.0536,0.40162
656.0537,0.40164
656.0538,0.40136
656.0539,0.40158
656.054,0.40148
656.0541,0.40148
656.0542,0.40146
656.0543,0.4016
656.0544,0.40138
656.0545,0.4016
656.0546,0.40166
656.0547,0.4014
656.0548,0.4016
656.0549,0.4016
656.055,0.40164
656.0551,0.4016
656.0552,0.40166
656.0553,0.4016
656.0554,0.40181
656.0555,0.40169
656.0556,0.40162
656.0557,0.40158
656.0558,0.40162
656.0559,0.4015
656.056,0.40156
656.0561,0.40146
656.0562,0.40144
656.0563,0.4016
656.0564,0.40175
656.0565,0.40181
656.0566,0.40156
656.0567,0.40154
656.0568,0.40183
656.0569,0.4016
656.057,0.40171
656.0571,0.40158
656.0572,0.4014
656.0573,0.4015
656.0574,0.4015
656.0575,0.4016
656.0576,0.40152
656.0577,0.40158
656.0578,0.40164
656.0579,0.40154
656.058,0.40156
656.0581,0.40156
656.0582,0.40173
656.0583,0.4016
656.0584,0.40158
656.0585,0.40148
656.0586,0.40154
656.0587,0.40148
656.0588,0.40148
656.0589,0.40162
656.059,0.40152
656.0591,0.40166
656.0592,0.40162
656.0593,0.4016
656.0594,0.40171
656.0595,0.40171
656.0596,0.40152
656.0597,0.40152
656.0598,0.4016
656.0599,0.40156
656.06,0.4016
656.0601,0.40164
656.0602,0.4015
656.0603,0.40148
656.0604,0.40148
656.0605,0.40152
656.0606,0.40162
656.0607,0.40173
656.0608,0.40138
656.0609,0.40158
656.061,0.40154
656.0611,0.40175
656.0612,0.40169
656.0613,0.40166
656.0614,0.40164
656.0615,0.40166
656.0616,0.40171
656.0617,0.40162
656.0618,0.40169
656.0619,0.40171
656.062,0.4013
656.0621,0.4016
656.0622,0.40162
656.0623,0.40166
656.0624,0.4016
656.0625,0.40169
656.0626,0.40158
656.0627,0.40156
656.0628,0.40152
656.0629,0.4015
656.063,0.40162
656.0631,0.40162
656.0632,0.40162
656.0633,0.4016
656.0634,0.40169
656.0635,0.40156
656.0636,0.40164
656.0637,0.4015
656.0638,0.40162
656.0639,0.40142
656.064,0.40158
656.0641,0.40154
656.0642,0.40175
656.0643,0.40162
656.0644,0.40148
656.0645,0.40166
656.0646,0.40146
656.0647,0.40162
656.0648,0.40144
656.0649,0.40162
656.065,0.40158
656.0651,0.40156
656.0652,0.40156
656.0653,0.40158
656.0654,0.40154
656.0655,0.4016
656.0656,0.40134
656.0657,0.40152
656.0658,0.40146
656.0659,0.40166
656.066,0.40144
656.0661,0.4015
656.0662,0.40162
656.0663,0.40169
656.0664,0.40166
656.0665,0.40162
656.0666,0.40156
656.0667,0.40156
656.0668,0.40158
656.0669,0.40169
656.067,0.40171
656.0671,0.40173
656.0672,0.40146
656.0673,0.40152
656.0674,0.40181
656.0675,0.40156
656.0676,0.40166
656.0677,0.40142
656.0678,0.40162
656.0679,0.40152
656.068,0.40146
656.0681,0.40156
656.0682,0.4016
656.0683,0.40136
656.0684,0.40166
656.0685,0.40158
656.0686,0.40166
656.0687,0.4015
656.0688,0.40187
656.0689,0.40152
656.069,0.4016
656.0691,0.40148
656.0692,0.40175
656.0693,0.40171
656.0694,0.40164
656.0695,0.40164
656.0696,0.40146
656.0697,0.40152
656.0698,0.40156
656.0699,0.40142
656.07,0.40162
656.0701,0.40173
656.0702,0.40164
656.0703,0.40142
656.0704,0.40138
656.0705,0.40136
656.0706,0.40148
656.0707,0.40169
656.0708,0.40162
656.0709,0.40158
656.071,0.40171
656.0711,0.4016
656.0712,0.40158
656.0713,0.40164
656.0714,0.40152
656.0715,0.4016
656.0716,0.40148
656.0717,0.40164
656.0718,0.40156
656.0719,0.40158
656.072,0.4016
656.0721,0.4015
656.0722,0.40169
656.0723,0.40162
656.0724,0.4015
656.0725,0.40142
656.0726,0.40169
656.0727,0.4015
656.0728,0.40166
656.0729,0.4016
656.073,0.4016
656.0731,0.40162
656.0732,0.40154
656.0733,0.40166
656.0734,0.40164
656.0735,0.40154
656.0736,0.40166
656.0737,0.40154
656.0738,0.40169
656.0739,0.40185
656.074,0.40156
656.0741,0.40158
656.0742,0.40164
656.0743,0.40148
656.0744,0.40166
656.0745,0.40162
656.0746,0.40148
656.0747,0.40173
656.0748,0.40166
656.0749,0.4016
656.075,0.40156
656.0751,0.40154
656.0752,0.4015
656.0753,0.40166
656.0754,0.40164
656.0755,0.40166
656.0756,0.40158
656.0757,0.40162
656.0758,0.40162
656.0759,0.40156
656.076,0.40171
656.0761,0.40166
656.0762,0.40185
656.0763,0.40171
656.0764,0.40146
656.0765,0.40152
656.0766,0.40154
656.0767,0.40179
656.0768,0.40162
656.0769,0.40154
656.077,0.40154
656.0771,0.40173
656.0772,0.40166
656.0773,0.40166
656.0774,0.40166
656.0775,0.4016
656.0776,0.40142
656.0777,0.4015
656.0778,0.40148
656.0779,0.40154
656.078,0.40166
656.0781,0.40171
656.0782,0.40148
656.0783,0.4016
656.0784,0.40156
656.0785,0.40179
656.0786,0.40158
656.0787,0.40156
656.0788,0.40154
656.0789,0.40148
656.079,0.4016
656.0791,0.40169
656.0792,0.40152
656.0793,0.40156
656.0794,0.40154
656.0795,0.40146
656.0796,0.40156
656.0797,0.40169
656.0798,0.4015
656.0799,0.40156
656.08,0.40156
656.0801,0.40169
656.0802,0.40173
656.0803,0.4016
656.0804,0.4016
656.0805,0.4016
656.0806,0.40177
656.0807,0.40156
656.0808,0.40144
656.0809,0.40175
656.081,0.40177
656.0811,0.4015
656.0812,0.40146
656.0813,0.40158
656.0814,0.40146
656.0815,0.4015
656.0816,0.40146
656.0817,0.4016
656.0818,0.4016
656.0819,0.40166
656.082,0.40156
656.0821,0.40171
656.0822,0.40154
656.0823,0.40156
656.0824,0.40164
656.0825,0.4016
656.0826,0.40164
656.0827,0.40148
656.0828,0.40166
656.0829,0.40162
656.083,0.40146
656.0831,0.4016
656.0832,0.40146
656.0833,0.40154
656.0834,0.40158
656.0835,0.40162
656.0836,0.40154
656.0837,0.4015
656.0838,0.40166
656.0839,0.40148
656.084,0.40179
656.0841,0.40166
656.0842,0.40158
656.0843,0.4015
656.0844,0.40152
656.0845,0.40154
656.0846,0.40152
656.0847,0.40146
656.0848,0.40154
656.0849,0.4016
656.085,0.40146
656.0851,0.40144
656.0852,0.40171
656.0853,0.40175
656.0854,0.40171
656.0855,0.40173
656.0856,0.40156
656.0857,0.40162
656.0858,0.40158
656.0859,0.40156
656.086,0.40144
656.0861,0.40164
656.0862,0.4016
656.0863,0.4016
656.0864,0.40154
656.0865,0.40171
656.0866,0.40173
656.0867,0.40158
656.0868,0.40173
656.0869,0.40154
656.087,0.40154
656.0871,0.40156
656.0872,0.40175
656.0873,0.40173
656.0874,0.40148
656.0875,0.40173
656.0876,0.40162
656.0877,0.4016
656.0878,0.40142
656.0879,0.40162
656.088,0.40158
656.0881,0.40173
656.0882,0.40164
656.0883,0.40154
656.0884,0.40166
656.0885,0.40164
656.0886,0.40148
656.0887,0.40154
656.0888,0.40177
656.0889,0.40166
656.089,0.40146
656.0891,0.40158
656.0892,0.4016
656.0893,0.4016
656.0894,0.40156
656.0895,0.4016
656.0896,0.4016
656.0897,0.40169
656.0898,0.40158
656.0899,0.40156
656.09,0.40148
656.0901,0.40152
656.0902,0.40158
656.0903,0.40148
656.0904,0.40166
656.0905,0.40158
656.0906,0.4015
656.0907,0.40166
656.0908,0.40177
656.0909,0.40162
656.091,0.40142
656.0911,0.40162
656.0912,0.40148
656.0913,0.40164
656.0914,0.40148
656.0915,0.40171
656.0916,0.40166
656.0917,0.40148
656.0918,0.40183
656.0919,0.4015
656.092,0.40166
656.0921,0.40166
656.0922,0.40158
656.0923,0.4015
656.0924,0.40152
656.0925,0.4016
656.0926,0.4016
656.0927,0.40162
656.0928,0.40177
656.0929,0.40154
656.093,0.40166
656.0931,0.40154
656.0932,0.40162
656.0933,0.40162
656.0934,0.4016
656.0935,0.40144
656.0936,0.40162
656.0937,0.40154
656.0938,0.40156
656.0939,0.40152
656.094,0.40156
656.0941,0.40162
656.0942,0.40154
656.0943,0.40158
656.0944,0.40152
656.0945,0.40156
656.0946,0.40154
656.0947,0.40146
656.0948,0.40164
656.0949,0.40156
656.095,0.40164
656.0951,0.40169
656.0952,0.40156
656.0953,0.40144
656.0954,0.40158
656.0955,0.40146
656.0956,0.40173
656.0957,0.40146
656.0958,0.40164
656.0959,0.4016
656.096,0.40175
656.0961,0.40169
656.0962,0.40162
656.0963,0.4016
656.0964,0.40162
656.0965,0.40156
656.0966,0.40148
656.0967,0.40162
656.0968,0.4016
656.0969,0.40156
656.097,0.40144
656.0971,0.40154
656.0972,0.4014
656.0973,0.4015
656.0974,0.4015
656.0975,0.40162
656.0976,0.40146
656.0977,0.4015
656.0978,0.40144
656.0979,0.40164
656.098,0.40169
656.0981,0.40164
656.0982,0.40169
656.0983,0.40171
656.0984,0.40148
656.0985,0.40144
656.0986,0.40175
656.0987,0.40166
656.0988,0.40175
656.0989,0.40154
656.099,0.40164
656.0991,0.40154
656.0992,0.40162
656.0993,0.4015
656.0994,0.40166
656.0995,0.40146
656.0996,0.40156
656.0997,0.40169
656.0998,0.40177
656.0999,0.4015
656.1,0.40185
656.1001,0.40144
656.1002,0.40152
656.1003,0.40162
656.1004,0.40169
656.1005,0.40152
656.1006,0.40144
656.1007,0.40158
656.1008,0.40156
656.1009,0.40171
656.101,0.40171
656.1011,0.40162
656.1012,0.40156
656.1013,0.4014
656.1014,0.40166
656.1015,0.40164
656.1016,0.40154
656.1017,0.40166
656.1018,0.40146
656.1019,0.40154
656.102,0.40162
656.1021,0.40156
656.1022,0.40171
656.1023,0.40166
656.1024,0.40146
656.1025,0.40158
656.1026,0.40173
656.1027,0.40148
656.1028,0.40156
656.1029,0.40177
656.103,0.40156
656.1031,0.40171
656.1032,0.40171
656.1033,0.40154
656.1034,0.40162
656.1035,0.40148
656.1036,0.40154
656.1037,0.40152
656.1038,0.40142
656.1039,0.4015
656.104,0.4016
656.1041,0.40164
656.1042,0.40148
656.1043,0.4016
656.1044,0.40142
656.1045,0.40169
656.1046,0.40152
656.1047,0.40156
656.1048,0.40164
656.1049,0.40169
656.105,0.40146
656.1051,0.40154
656.1052,0.40144
656.1053,0.40169
656.1054,0.40156
656.1055,0.40177
656.1056,0.40162
656.1057,0.40181
656.1058,0.4016
656.1059,0.40156
656.106,0.40173
656.1061,0.40158
656.1062,0.40177
656.1063,0.40195
656.1064,0.40156
656.1065,0.40152
656.1066,0.40158
656.1067,0.40154
656.1068,0.40152
656.1069,0.4015
656.107,0.4016
656.1071,0.40158
656.1072,0.40169
656.1073,0.40164
656.1074,0.40162
656.1075,0.40162
656.1076,0.40166
656.1077,0.40138
656.1078,0.40171
656.1079,0.40148
656.108,0.40162
656.1081,0.40169
656.1082,0.40162
656.1083,0.40173
656.1084,0.40166
656.1085,0.40162
656.1086,0.4016
656.1087,0.4015
656.1088,0.40144
656.1089,0.40158
656.109,0.40156
656.1091,0.4016
656.1092,0.40158
656.1093,0.40156
656.1094,0.4015
656.1095,0.40164
656.1096,0.40164
656.1097,0.40152
656.1098,0.40171
656.1099,0.40171
656.11,0.40146
656.1101,0.40152
656.1102,0.40142
656.1103,0.40164
656.1104,0.40158
656.1105,0.40164
656.1106,0.40156
656.1107,0.40144
656.1108,0.4015
656.1109,0.40171
656.111,0.4015
656.1111,0.40179
656.1112,0.40158
656.1113,0.40152
656.1114,0.40156
656.1115,0.40164
656.1116,0.40162
656.1117,0.40154
656.1118,0.40154
656.1119,0.40162
656.112,0.40177
656.1121,0.40179
656.1122,0.40166
656.1123,0.4014
656.1124,0.4016
656.1125,0.4015
656.1126,0.40156
656.1127,0.40187
656.1128,0.4016
656.1129,0.40173
656.113,0.40142
656.1131,0.40154
656.1132,0.40156
656.1133,0.40179
656.1134,0.40164
656.1135,0.40154
656.1136,0.40179
656.1137,0.40146
656.1138,0.40156
656.1139,0.40171
656.114,0.4016
656.1141,0.40162
656.1142,0.40166
656.1143,0.40173
656.1144,0.4016
656.1145,0.40158
656.1146,0.4016
656.1147,0.40185
656.1148,0.4015
656.1149,0.40171
656.115,0.40158
656.1151,0.40144
656.1152,0.4016
656.1153,0.40166
656.1154,0.40175
656.1155,0.40175
656.1156,0.40173
656.1157,0.40166
656.1158,0.40152
656.1159,0.40175
656.116,0.40164
656.1161,0.40146
656.1162,0.40169
656.1163,0.40181
656.1164,0.40158
656.1165,0.40152
656.1166,0.40162
656.1167,0.40156
656.1168,0.40154
656.1169,0.40158
656.117,0.40164
656.1171,0.40166
656.1172,0.40166
656.1173,0.40166
656.1174,0.40146
656.1175,0.4016
656.1176,0.40164
656.1177,0.40152
656.1178,0.4015
656.1179,0.40175
656.118,0.40169
656.1181,0.40154
656.1182,0.40175
656.1183,0.40173
656.1184,0.40162
656.1185,0.40164
656.1186,0.40166
656.1187,0.40158
656.1188,0.40156
656.1189,0.4016
656.119,0.40158
656.1191,0.4015
656.1192,0.4015
656.1193,0.40156
656.1194,0.4016
656.1195,0.40166
656.1196,0.40173
656.1197,0.40166
656.1198,0.40158
656.1199,0.4016
656.12,0.40144
656.1201,0.4016
656.1202,0.4016
656.1203,0.40179
656.1204,0.40197
656.1205,0.40171
656.1206,0.40166
656.1207,0.40158
656.1208,0.40187
656.1209,0.40164
656.121,0.4016
656.1211,0.4016
656.1212,0.40169
656.1213,0.40166
656.1214,0.4016
656.1215,0.40197
656.1216,0.4016
656.1217,0.4015
656.1218,0.40144
656.1219,0.40164
656.122,0.40166
656.1221,0.40189
656.1222,0.40175
656.1223,0.40189
656.1224,0.40164
656.1225,0.40142
656.1226,0.40169
656.1227,0.4016
656.1228,0.40166
656.1229,0.40144
656.123,0.40185
656.1231,0.40169
656.1232,0.40156
656.1233,0.4015
656.1234,0.40181
656.1235,0.40166
656.1236,0.40164
656.1237,0.40164
656.1238,0.40185
656.1239,0.40166
656.124,0.40162
656.1241,0.40171
656.1242,0.40164
656.1243,0.40166
656.1244,0.4015
656.1245,0.40169
656.1246,0.40181
656.1247,0.4016
656.1248,0.40158
656.1249,0.40138
656.125,0.40179
656.1251,0.4015
656.1252,0.40173
656.1253,0.40166
656.1254,0.40166
656.1255,0.40169
656.1256,0.40164
656.1257,0.40146
656.1258,0.40179
656.1259,0.4014
656.126,0.40164
656.1261,0.40169
656.1262,0.40171
656.1263,0.40171
656.1264,0.40179
656.1265,0.40166
656.1266,0.40162
656.1267,0.40171
656.1268,0.40169
656.1269,0.40179
656.127,0.40152
656.1271,0.40175
656.1272,0.40154
656.1273,0.40154
656.1274,0.40181
656.1275,0.40179
656.1276,0.40138
656.1277,0.40164
656.1278,0.40177
656.1279,0.40179
656.128,0.40148
656.1281,0.40187
656.1282,0.40173
656.1283,0.40177
656.1284,0.40175
656.1285,0.40177
656.1286,0.40175
656.1287,0.40179
656.1288,0.40175
656.1289,0.40187
656.129,0.40173
656.1291,0.40164
656.1292,0.40181
656.1293,0.4015
656.1294,0.40179
656.1295,0.40183
656.1296,0.40175
656.1297,0.40146
656.1298,0.40148
656.1299,0.40195
656.13,0.40154
656.1301,0.40166
656.1302,0.40158
656.1303,0.40171
656.1304,0.40173
656.1305,0.40156
656.1306,0.40154
656.1307,0.40164
656.1308,0.40158
656.1309,0.40164
656.131,0.40162
656.1311,0.40173
656.1312,0.40171
656.1313,0.40175
656.1314,0.40146
656.1315,0.40191
656.1316,0.40173
656.1317,0.40193
656.1318,0.40158
656.1319,0.40166
656.132,0.40177
656.1321,0.40156
656.1322,0.40179
656.1323,0.40152
656.1324,0.4015
656.1325,0.40156
656.1326,0.40191
656.1327,0.40164
656.1328,0.40154
656.1329,0.40173
656.133,0.40164
656.1331,0.40175
656.1332,0.40175
656.1333,0.40169
656.1334,0.40183
656.1335,0.40158
656.1336,0.40164
656.1337,0.40185
656.1338,0.40171
656.1339,0.40156
656.134,0.40175
656.1341,0.40169
656.1342,0.40158
656.1343,0.40187
656.1344,0.40173
656.1345,0.40166
656.1346,0.40177
656.1347,0.40169
656.1348,0.40177
656.1349,0.40154
656.135,0.40175
656.1351,0.40187
656.1352,0.40169
656.1353,0.40181
656.1354,0.40171
656.1355,0.40146
656.1356,0.40179
656.1357,0.40146
656.1358,0.40199
656.1359,0.40162
656.136,0.40158
656.1361,0.40166
656.1362,0.40166
656.1363,0.4014
656.1364,0.40171
656.1365,0.40152
656.1366,0.40158
656.1367,0.40142
656.1368,0.40179
656.1369,0.40164
656.137,0.40173
656.1371,0.4016
656.1372,0.40173
656.1373,0.40179
656.1374,0.40183
656.1375,0.40154
656.1376,0.40154
656.1377,0.40175
656.1378,0.40195
656.1379,0.4016
656.138,0.40173
656.1381,0.40173
656.1382,0.40181
656.1383,0.40181
656.1384,0.40179
656.1385,0.40154
656.1386,0.40154
656.1387,0.40164
656.1388,0.40166
656.1389,0.40181
656.139,0.40162
656.1391,0.40173
656.1392,0.40158
656.1393,0.40177
656.1394,0.40152
656.1395,0.40166
656.1396,0.40162
656.1397,0.40154
656.1398,0.40187
656.1399,0.40173
656.14,0.40187
656.1401,0.40166
656.1402,0.40166
656.1403,0.40162
656.1404,0.40148
656.1405,0.40175
656.1406,0.40152
656.1407,0.40181
656.1408,0.40156
656.1409,0.40158
656.141,0.40179
656.1411,0.40175
656.1412,0.40175
656.1413,0.40169
656.1414,0.40181
656.1415,0.40156
656.1416,0.40162
656.1417,0.40175
656.1418,0.40158
656.1419,0.4015
656.142,0.40189
656.1421,0.40173
656.1422,0.40177
656.1423,0.40181
656.1424,0.40187
656.1425,0.40154
656.1426,0.40158
656.1427,0.40164
656.1428,0.40175
656.1429,0.40166
656.143,0.40189
656.1431,0.40158
656.1432,0.40154
656.1433,0.40162
656.1434,0.40173
656.1435,0.40166
656.1436,0.40183
656.1437,0.40169
656.1438,0.40175
656.1439,0.40183
656.144,0.40191
656.1441,0.40171
656.1442,0.40171
656.1443,0.40181
656.1444,0.40211
656.1445,0.40162
656.1446,0.40166
656.1447,0.40171
656.1448,0.40183
656.1449,0.40193
656.145,0.40191
656.1451,0.40189
656.1452,0.40171
656.1453,0.40166
656.1454,0.40166
656.1455,0.40175
656.1456,0.40177
656.1457,0.4016
656.1458,0.40162
656.1459,0.40164
656.146,0.40171
656.1461,0.40181
656.1462,0.40177
656.1463,0.40197
656.1464,0.40197
656.1465,0.40187
656.1466,0.40175
656.1467,0.40187
656.1468,0.40199
656.1469,0.40181
656.147,0.40175
656.1471,0.40166
656.1472,0.40148
656.1473,0.40189
656.1474,0.40164
656.1475,0.40177
656.1476,0.40173
656.1477,0.40181
656.1478,0.40166
656.1479,0.40158
656.148,0.40189
656.1481,0.40187
656.1482,0.40179
656.1483,0.40181
656.1484,0.40187
656.1485,0.40181
656.1486,0.40181
656.1487,0.40189
656.1488,0.40187
656.1489,0.40173
656.149,0.40173
656.1491,0.40179
656.1492,0.40191
656.1493,0.40189
656.1494,0.40187
656.1495,0.40185
656.1496,0.40191
656.1497,0.4016
656.1498,0.40191
656.1499,0.40189
656.15,0.40191
656.1501,0.40177
656.1502,0.40191
656.1503,0.40166
656.1504,0.40185
656.1505,0.40199
656.1506,0.40185
656.1507,0.40185
656.1508,0.40193
656.1509,0.40203
656.151,0.40189
656.1511,0.4016
656.1512,0.40197
656.1513,0.40162
656.1514,0.40215
656.1515,0.40189
656.1516,0.40199
656.1517,0.40189
656.1518,0.40185
656.1519,0.40207
656.152,0.40177
656.1521,0.40203
656.1522,0.40191
656.1523,0.40201
656.1524,0.40181
656.1525,0.40189
656.1526,0.40179
656.1527,0.40181
656.1528,0.40207
656.1529,0.40183
656.153,0.40189
656.1531,0.40169
656.1532,0.40183
656.1533,0.40169
656.1534,0.40197
656.1535,0.40185
656.1536,0.40209
656.1537,0.40215
656.1538,0.40205
656.1539,0.40183
656.154,0.40209
656.1541,0.40193
656.1542,0.40183
656.1543,0.40185
656.1544,0.40207
656.1545,0.40205
656.1546,0.40177
656.1547,0.40201
656.1548,0.40177
656.1549,0.40181
656.155,0.40211
656.1551,0.40189
656.1552,0.40201
656.1553,0.40191
656.1554,0.40195
656.1555,0.40181
656.1556,0.40205
656.1557,0.40177
656.1558,0.40203
656.1559,0.40219
656.156,0.40195
656.1561,0.40201
656.1562,0.40217
656.1563,0.40211
656.1564,0.40197
656.1565,0.40185
656.1566,0.40238
656.1567,0.40197
656.1568,0.40205
656.1569,0.40199
656.157,0.40195
656.1571,0.40195
656.1572,0.40207
656.1573,0.40187
656.1574,0.40201
656.1575,0.40201
656.1576,0.40221
656.1577,0.40213
656.1578,0.40179
656.1579,0.40197
656.158,0.40203
656.1581,0.40195
656.1582,0.40195
656.1583,0.40203
656.1584,0.40201
656.1585,0.40217
656.1586,0.40221
656.1587,0.40187
656.1588,0.40217
656.1589,0.40205
656.159,0.40227
656.1591,0.40205
656.1592,0.40221
656.1593,0.40213
656.1594,0.40207
656.1595,0.40189
656.1596,0.40203
656.1597,0.40215
656.1598,0.40215
656.1599,0.40181
656.16,0.40199
656.1601,0.40211
656.1602,0.40217
656.1603,0.40203
656.1604,0.40207
656.1605,0.40193
656.1606,0.40213
656.1607,0.40215
656.1608,0.40223
656.1609,0.40232
656.161,0.40217
656.1611,0.40209
656.1612,0.40209
656.1613,0.40209
656.1614,0.40244
656.1615,0.40203
656.1616,0.40236
656.1617,0.4024
656.1618,0.40189
656.1619,0.40205
656.162,0.4025
656.1621,0.40197
656.1622,0.40199
656.1623,0.40189
656.1624,0.40219
656.1625,0.40217
656.1626,0.40215
656.1627,0.40246
656.1628,0.40209
656.1629,0.40191
656.163,0.40195
656.1631,0.40232
656.1632,0.40211
656.1633,0.40227
656.1634,0.4027
656.1635,0.40207
656.1636,0.40193
656.1637,0.40191
656.1638,0.40227
656.1639,0.4025
656.164,0.40207
656.1641,0.40211
656.1642,0.40213
656.1643,0.40197
656.1644,0.40215
656.1645,0.40236
656.1646,0.40197
656.1647,0.40223
656.1648,0.40219
656.1649,0.40219
656.165,0.40238
656.1651,0.4023
656.1652,0.40217
656.1653,0.40223
656.1654,0.40248
656.1655,0.4023
656.1656,0.40244
656.1657,0.40252
656.1658,0.40262
656.1659,0.40227
656.166,0.40234
656.1661,0.4023
656.1662,0.40203
656.1663,0.40203
656.1664,0.40221
656.1665,0.40248
656.1666,0.40219
656.1667,0.40223
656.1668,0.40201
656.1669,0.4023
656.167,0.40211
656.1671,0.40207
656.1672,0.40254
656.1673,0.40211
656.1674,0.40238
656.1675,0.40223
656.1676,0.40213
656.1677,0.40207
656.1678,0.40254
656.1679,0.40205
656.168,0.40215
656.1681,0.4023
656.1682,0.40215
656.1683,0.40217
656.1684,0.40203
656.1685,0.40232
656.1686,0.40209
656.1687,0.40215
656.1688,0.40274
656.1689,0.4023
656.169,0.40213
656.1691,0.40234
656.1692,0.40221
656.1693,0.40195
656.1694,0.40236
656.1695,0.40256
656.1696,0.40242
656.1697,0.40236
656.1698,0.40195
656.1699,0.40197
656.17,0.4023
656.1701,0.40209
656.1702,0.40211
656.1703,0.40238
656.1704,0.40219
656.1705,0.4023
656.1706,0.40203
656.1707,0.40215
656.1708,0.40223
656.1709,0.40238
656.171,0.40262
656.1711,0.40227
656.1712,0.40246
656.1713,0.40213
656.1714,0.40187
656.1715,0.40211
656.1716,0.40238
656.1717,0.40238
656.1718,0.40236
656.1719,0.40254
656.172,0.40244
656.1721,0.40205
656.1722,0.40209
656.1723,0.40234
656.1724,0.40232
656.1725,0.40219
656.1726,0.4024
656.1727,0.40232
656.1728,0.40221
656.1729,0.40236
656.173,0.40225
656.1731,0.40242
656.1732,0.40232
656.1733,0.40223
656.1734,0.40207
656.1735,0.40213
656.1736,0.40225
656.1737,0.40223
656.1738,0.40219
656.1739,0.4024
656.174,0.40223
656.1741,0.40207
656.1742,0.40248
656.1743,0.40225
656.1744,0.40238
656.1745,0.40219
656.1746,0.40205
656.1747,0.40221
656.1748,0.40232
656.1749,0.40209
656.175,0.40211
656.1751,0.40234
656.1752,0.40223
656.1753,0.40225
656.1754,0.40215
656.1755,0.40201
656.1756,0.40205
656.1757,0.40234
656.1758,0.40232
656.1759,0.40183
656.176,0.40217
656.1761,0.40225
656.1762,0.40191
656.1763,0.40207
656.1764,0.40227
656.1765,0.40238
656.1766,0.40193
656.1767,0.40213
656.1768,0.40213
656.1769,0.40195
656.177,0.40223
656.1771,0.4023
656.1772,0.40189
656.1773,0.40215
656.1774,0.40217
656.1775,0.40219
656.1776,0.4023
656.1777,0.40197
656.1778,0.40183
656.1779,0.40211
656.178,0.40207
656.1781,0.40223
656.1782,0.40219
656.1783,0.40207
656.1784,0.40227
656.1785,0.40225
656.1786,0.40209
656.1787,0.40187
656.1788,0.40248
656.1789,0.40207
656.179,0.40209
656.1791,0.40232
656.1792,0.40203
656.1793,0.40227
656.1794,0.40209
656.1795,0.40201
656.1796,0.40217
656.1797,0.40203
656.1798,0.40225
656.1799,0.40199
656.18,0.40211
656.1801,0.40195
656.1802,0.40209
656.1803,0.40197
656.1804,0.40211
656.1805,0.40189
656.1806,0.40195
656.1807,0.40193
656.1808,0.40205
656.1809,0.40203
656.181,0.40223
656.1811,0.40191
656.1812,0.40213
656.1813,0.40217
656.1814,0.40201
656.1815,0.40191
656.1816,0.40185
656.1817,0.40189
656.1818,0.40191
656.1819,0.40207
656.182,0.40185
656.1821,0.40219
656.1822,0.40211
656.1823,0.40223
656.1824,0.40209
656.1825,0.40177
656.1826,0.40217
656.1827,0.40197
656.1828,0.40185
656.1829,0.40197
656.183,0.40162
656.1831,0.40171
656.1832,0.4016
656.1833,0.40187
656.1834,0.40181
656.1835,0.40199
656.1836,0.40205
656.1837,0.40162
656.1838,0.40199
656.1839,0.40191
656.184,0.40187
656.1841,0.40183
656.1842,0.40183
656.1843,0.40183
656.1844,0.40169
656.1845,0.40187
656.1846,0.40183
656.1847,0.40187
656.1848,0.40175
656.1849,0.40166
656.185,0.40181
656.1851,0.40185
656.1852,0.40193
656.1853,0.40205
656.1854,0.40189
656.1855,0.40179
656.1856,0.40148
656.1857,0.40173
656.1858,0.40209
656.1859,0.40171
656.186,0.40183
656.1861,0.40181
656.1862,0.40187
656.1863,0.40209
656.1864,0.40189
656.1865,0.40177
656.1866,0.40185
656.1867,0.40166
656.1868,0.40181
656.1869,0.40166
656.187,0.40177
656.1871,0.40173
656.1872,0.40162
656.1873,0.40162
656.1874,0.40177
656.1875,0.40181
656.1876,0.40169
656.1877,0.40187
656.1878,0.40166
656.1879,0.40187
656.188,0.40171
656.1881,0.40171
656.1882,0.40173
656.1883,0.40179
656.1884,0.4015
656.1885,0.40164
656.1886,0.40158
656.1887,0.40164
656.1888,0.40166
656.1889,0.40169
656.189,0.40162
656.1891,0.40158
656.1892,0.40189
656.1893,0.40162
656.1894,0.40181
656.1895,0.40177
656.1896,0.40164
656.1897,0.40162
656.1898,0.4016
656.1899,0.40181
656.19,0.40154
656.1901,0.40154
656.1902,0.40181
656.1903,0.40169
656.1904,0.40152
656.1905,0.40166
656.1906,0.40158
656.1907,0.40169
656.1908,0.4015
656.1909,0.40175
656.191,0.40166
656.1911,0.40166
656.1912,0.40187
656.1913,0.40169
656.1914,0.40177
656.1915,0.40166
656.1916,0.40144
656.1917,0.40138
656.1918,0.40146
656.1919,0.40171
656.192,0.40146
656.1921,0.40175
656.1922,0.40158
656.1923,0.40162
656.1924,0.40175
656.1925,0.40152
656.1926,0.40156
656.1927,0.40146
656.1928,0.40173
656.1929,0.40187
656.193,0.40169
656.1931,0.40154
656.1932,0.40152
656.1933,0.40162
656.1934,0.40166
656.1935,0.40181
656.1936,0.40154
656.1937,0.40181
656.1938,0.40166
656.1939,0.4016
656.194,0.40177
656.1941,0.40173
656.1942,0.40173
656.1943,0.40166
656.1944,0.40154
656.1945,0.4016
656.1946,0.40175
656.1947,0.40148
656.1948,0.40162
656.1949,0.40152
656.195,0.40166
656.1951,0.4016
656.1952,0.40173
656.1953,0.40152
656.1954,0.40154
656.1955,0.40177
656.1956,0.4016
656.1957,0.40156
656.1958,0.40166
656.1959,0.40166
656.196,0.40175
656.1961,0.4016
656.1962,0.40175
656.1963,0.40144
656.1964,0.4015
656.1965,0.40156
656.1966,0.40187
656.1967,0.40164
656.1968,0.40162
656.1969,0.40148
656.197,0.40166
656.1971,0.40185
656.1972,0.40164
656.1973,0.40169
656.1974,0.40142
656.1975,0.40152
656.1976,0.40164
656.1977,0.40148
656.1978,0.40173
656.1979,0.40175
656.198,0.40142
656.1981,0.40164
656.1982,0.40134
656.1983,0.40166
656.1984,0.4016
656.1985,0.40162
656.1986,0.40144
656.1987,0.40148
656.1988,0.40156
656.1989,0.4014
656.199,0.40142
656.1991,0.40169
656.1992,0.40152
656.1993,0.40152
656.1994,0.40148
656.1995,0.40181
656.1996,0.40152
656.1997,0.40175
656.1998,0.40148
656.1999,0.40158
656.2,0.40152
656.2001,0.40177
656.2002,0.4016
656.2003,0.40166
656.2004,0.40152
656.2005,0.40169
656.2006,0.40154
656.2007,0.40169
656.2008,0.40152
656.2009,0.40166
656.201,0.40148
656.2011,0.40162
656.2012,0.40148
656.2013,0.4015
656.2014,0.40156
656.2015,0.40156
656.2016,0.40171
656.2017,0.40154
656.2018,0.40162
656.2019,0.40166
656.202,0.40154
656.2021,0.40148
656.2022,0.40156
656.2023,0.40152
656.2024,0.40179
656.2025,0.4015
656.2026,0.40154
656.2027,0.40146
656.2028,0.40158
656.2029,0.40144
656.203,0.40154
656.2031,0.4015
656.2032,0.40152
656.2033,0.40148
656.2034,0.40152
656.2035,0.4015
656.2036,0.4016
656.2037,0.4016
656.2038,0.40158
656.2039,0.4016
656.204,0.40158
656.2041,0.40152
656.2042,0.40164
656.2043,0.40164
656.2044,0.40136
656.2045,0.40175
656.2046,0.4016
656.2047,0.40162
656.2048,0.4015
656.2049,0.40158
656.205,0.40156
656.2051,0.40164
656.2052,0.40148
656.2053,0.40142
656.2054,0.40164
656.2055,0.40146
656.2056,0.40156
656.2057,0.40156
656.2058,0.40148
656.2059,0.40169
656.206,0.40164
656.2061,0.40148
656.2062,0.40156
656.2063,0.40164
656.2064,0.40154
656.2065,0.40154
656.2066,0.40185
656.2067,0.40144
656.2068,0.40144
656.2069,0.40156
656.207,0.4015
656.2071,0.40152
656.2072,0.40144
656.2073,0.40152
656.2074,0.40164
656.2075,0.40166
656.2076,0.40181
656.2077,0.40126
656.2078,0.40164
656.2079,0.4014
656.208,0.40156
656.2081,0.40158
656.2082,0.40146
656.2083,0.40158
656.2084,0.40152
656.2085,0.40146
656.2086,0.40173
656.2087,0.40175
656.2088,0.40173
656.2089,0.40146
656.209,0.40152
656.2091,0.40156
656.2092,0.40207
656.2093,0.40158
656.2094,0.40156
656.2095,0.4015
656.2096,0.4016
656.2097,0.40142
656.2098,0.40144
656.2099,0.4014
656.21,0.40146
